{
  "ko":{
    "userAccount.title":"사용자 계정",
    "userAccount.msg.default":"표시할 데이터가 없습니다.",
    "userAccount.msg.userCount":"전체 ${total} 중 ${fromCount} - ${toCount}",
    "userAccount.selectBox.selectAll":"전체",
    "userAccount.selectBox.Y":"Y",
    "userAccount.selectBox.N":"N",
    "userAccount.selectBox.name":"이름",
    "userAccount.selectBox.employNo":"사번",
    "userAccount.selectBox.loginId":"ID"
  },
  "en":{
    "userAccount.title":"User Account",
    "userAccount.msg.default":"There is no search result",
    "userAccount.msg.userCount":"Total ${total} and this ${fromCount} - ${toCount}",
    "userAccount.selectBox.selectAll":"All",
    "userAccount.selectBox.Y":"Y",
    "userAccount.selectBox.N":"N",
    "userAccount.selectBox.name":"Name",
    "userAccount.selectBox.employNo":"Employ No",
    "userAccount.selectBox.loginId":"ID"
  },
  "zh":{
    "userAccount.title":"(중) User Account",
    "userAccount.msg.default":"(중) There is no search result",
    "userAccount.msg.userCount":"(중) Total ${total} and this ${fromCount} - ${toCount}",
    "userAccount.selectBox.selectAll":"(중) 전체",
    "userAccount.selectBox.Y":"Y",
    "userAccount.selectBox.N":"N",
    "userAccount.selectBox.name":"(중) Name",
    "userAccount.selectBox.employNo":"(중) Employ No",
    "userAccount.selectBox.loginId":"(중) ID"
  }
}