{
  "ko":{
    "change-password.title":"비밀번호 변경",
    "change-password.save":"저장",
    "change-password.cancel":"취소",
    "change-password.first-rule":"영문자와 숫자, 특수문자(!@#$%&*^)를 모두 혼용하여 8~12자로 작성해주세요.",
    "change-password.second-rule":"비밀번호는 3자 이상의 동일한 문자 또는 연속된 숫자를 포함할 수 없습니다.",
    "change-password.current-password": "현재 비밀번호",
    "change-password.new-password": "새 비밀번호",
    "change-password.confirm-password": "비밀번호 확인",
    "change-password.enter-current-password":"현재 비밀번호를 입력해주세요.",
    "change-password.enter-new-password":"변경할 비밀번호를 입력해주세요.",
    "change-password.re-enter-new-password":"비밀번호를 다시 입력해주세요.",
    "change-password.alert.notMatchOriginPassword": "현재 비밀번호가 일치하지 않습니다.",
    "change-password.alert.notMatchNewPassword":"새 비밀번호가 일치하지 않습니다.",
    "change-password.alert.notPasswordPattern": "입력조건을 확인후 다시 입력해주세요.",
    "change-password.alert.success": "변경되었습니다."
  },
  "en":{
    "change-password.title":"Change Password",
    "change-password.save":"Save",
    "change-password.cancel":"Cancel",
    "change-password.first-rule":"Password must be between 8 and 12 characters in combination of letters, numbers and special characters(!@#$%&*^).",
    "change-password.second-rule":"Password cannot contain more than 3 characters of the identical or sequential letters/numbers.",
    "change-password.current-password": "Current password",
    "change-password.new-password": "New password",
    "change-password.confirm-password": "Confirm new password",
    "change-password.enter-current-password":"Enter current password.",
    "change-password.enter-new-password":"Enter new password.",
    "change-password.re-enter-new-password":"Enter the new password one more time.",
    "change-password.alert.notMatchPassword": "Incorrect current password.",
    "change-password.alert.notMatchNewPassword":"New password and confirmed new password do not match.",
    "change-password.alert.notPasswordPattern": "Check the password condition and enter again.",
    "change-password.alert.success": "Changed."
  },
  "zh":{
    "change-password.title":"密码变更",
    "change-password.save":"保存失败",
    "change-password.cancel":"取消",
    "change-password.first-rule":"密码必须在8和12字符之间组合字母，数字和特殊字符。",
    "change-password.second-rule":"密码不能包含相同或连续字母/数字的3个以上的字符。",
    "change-password.current-password": "当前密码",
    "change-password.new-password": "新密码",
    "change-password.confirm-password": "确认新密码",
    "change-password.placehoder.current":"输入当前密码。",
    "change-password.placehoder.new":"输入新密码。",
    "change-password.placehoder.confirm":"再次输入新密码。",
    "change-password.alert.notMatchPassword": "密码错误。",
    "change-password.alert.notMatchNewPassword":"新密码和确认新密码不匹配。",
    "change-password.alert.notPasswordPattern": "检查密码条件并重新输入。",
    "change-password.alert.success": "已变更。"
  }
}