{
  "ko":{
    "userAccount.views.selectAll":"전체",
    "userAccount.views.state":"상태",
    "userAccount.views.sectCd":"유형",
    "userAccount.views.longtermUnuse":"장기 미사용",
    "userAccount.views.button.add":"추가",
    "userAccount.views.button.chageState":"상태 변경",
    "userAccount.views.button.passwordRest":"패스워드 변경",
    "userAccount.views.button.longtermReset":"장기 미사용 변경",
    "userAccount.views.button.changeFileAuth":"파일 소유권 변경",
    "userAccount.views.button.download":"다운로드",
    "userAccount.views.table.col.state":"상태",
    "userAccount.views.table.col.name":"이름",
    "userAccount.views.table.col.id":"Login Id",
    "userAccount.views.table.col.eplyNo":"사번",
    "userAccount.views.table.col.corp":"직급",
    "userAccount.views.table.col.dept":"부서",
    "userAccount.views.table.col.sectCd":"유형",
    "userAccount.views.table.col.lastLoginDtm":"최종 로그인 일시",
    "userAccount.views.table.col.retiredDtm":"퇴직 날짜",
    "userAccount.views.table.col.longtermUnuse":"장기 마사용"
  },
  "en":{
    "userAccount.views.selectAll":"All",
    "userAccount.views.state":"State",
    "userAccount.views.sectCd":"User Sect",
    "userAccount.views.longtermUnuse":"Long Term Unuse",
    "userAccount.views.button.add":"Add User",
    "userAccount.views.button.chageState":"Change State",
    "userAccount.views.button.passwordRest":"Change Password",
    "userAccount.views.button.longtermReset":"Changre Logterm Unused",
    "userAccount.views.button.changeFileAuth":"Change File Auth",
    "userAccount.views.button.download":"Download",
    "userAccount.views.table.col.state":"State",
    "userAccount.views.table.col.name":"Name",
    "userAccount.views.table.col.id":"Login Id",
    "userAccount.views.table.col.eplyNo":"Employ No",
    "userAccount.views.table.col.corp":"Corp Nm",
    "userAccount.views.table.col.dept":"Dept Nm",
    "userAccount.views.table.col.sectCd":"User Sect",
    "userAccount.views.table.col.lastLoginDtm":"Last Login Dtm",
    "userAccount.views.table.col.retiredDtm":"Retired Dtm",
    "userAccount.views.table.col.longtermUnuse":"LongTerm Unuse"
  },
  "zh":{
    "userAccount.views.selectAll":"(중) 전체",
    "userAccount.views.state":"(중) State",
    "userAccount.views.sectCd":"(중) 유형",
    "userAccount.views.longtermUnuse":"(중) 장기 미사용",
    "userAccount.views.button.add":"Add User",
    "userAccount.views.button.chageState":"Change State",
    "userAccount.views.button.passwordRest":"Change Password",
    "userAccount.views.button.longtermReset":"Changre Logterm Unused",
    "userAccount.views.button.changeFileAuth":"Change File Auth",
    "userAccount.views.button.download":"Download",
    "userAccount.views.table.col.state":"State",
    "userAccount.views.table.col.name":"Name",
    "userAccount.views.table.col.id":"Login Id",
    "userAccount.views.table.col.eplyNo":"Employ No",
    "userAccount.views.table.col.corp":"Corp Nm",
    "userAccount.views.table.col.dept":"Dept Nm",
    "userAccount.views.table.col.sectCd":"User Sect",
    "userAccount.views.table.col.lastLoginDtm":"Last Login Dtm",
    "userAccount.views.table.col.retiredDtm":"Retired Dtm",
    "userAccount.views.table.col.longtermUnuse":"LongTerm Unuse"
  }
}