{
  "ko":{
    "gnb.last.accessTime":"최종 접속 시간",
    "gnb.session.remainingTime":"남은 시간",
    "gnb.session.extend":"연장",
    "gnb.admin.menu.changePassword":"비밀번호 변경",
    "gnb.admin.menu.manual":"메뉴얼",
    "gnb.admin.menu.logout":"로그아웃",
    "gnb.admin.menu.logout.message": "로그아웃 하시겠습니까?"
  },
  "en":{
    "gnb.last.accessTime":"Last login",
    "gnb.session.remainingTime":"Remaining time",
    "gnb.session.extend":"Extend",
    "gnb.admin.menu.changePassword":"Change Password",
    "gnb.admin.menu.manual":"Guide",
    "gnb.admin.menu.logout":"Logout",
    "gnb.admin.menu.logout.message": "Are you sure you want to sign out?"
  },
  "zh":{
    "gnb.last.accessTime":"最后连接时间",
    "gnb.session.remainingTime":"剩余时间",
    "gnb.session.extend":"延长",
    "gnb.admin.menu.changePassword":"密码变更",
    "gnb.admin.menu.manual":"说明书",
    "gnb.admin.menu.logout":"退出",
    "gnb.admin.menu.logout.message": "你确定要退出吗?"
  }
}