{
  "ko":{
    "lnb.category.account":"계정",
    "lnb.category.worksapce":"워크스페이스",
    "lnb.category.monitoring":"모니터링",
    "lnb.category.business-perations":"업무 운영 - 관리",
    "lnb.category.tenent-settings":"테넌트 관리",
    "lnb.category.restriction-maintenance":"사용제한-예외관리",
    "lnb.category.admin-console":"관리자 제어",
    "lnb.category.system-manage":"시스템 관리",
    "sub.lnb.category.user": "사용자 계정",
    "sub.lnb.category.partner": "협력사 계정",
    "sub.lnb.category.auditory": "감사용 계정",
    "sub.lnb.category.member": "멤버 관리",
    "sub.lnb.category.file-folder": "파일-폴더 관리",
    "sub.lnb.category.post": "포스트 관리",
    "sub.lnb.category.monitoring-user": "사용자",
    "sub.lnb.category.monitoring-post": "포스트",
    "sub.lnb.category.actual-storage-usage": "스토리지 실사용량",
    "sub.lnb.category.personal-storage-usage-rage": "개인별 스토리지 사용률",
    "sub.lnb.category.batch-job": "일괄 작업",
    "sub.lnb.category.managed-file": "관리 대상 파일 현황",
    "sub.lnb.category.batch-job-histroy": "배치 JOB 실행내역",
    "sub.lnb.category.billing": "과금 현황",
    "sub.lnb.category.workspace-activity": "워크스페이스 활용 이력",
    "sub.lnb.category.mobile-app-log": "모바일 앱 로그",
    "sub.lnb.category.compliance-violated": "키워드 검출 여부",
    "sub.lnb.category.policy-exception-management": "정책 예외 신청 관리",
    "sub.lnb.category.pysical-file-deletion-history": "물리 파일 삭제내역",
    "sub.lnb.category.public-link-history": "Public Link 활용 이력",
    "sub.lnb.category.announcement":"공지사항 관리",
    "sub.lnb.category.qna":"Q&A 관리",
    "sub.lnb.category.release-notes":"릴리즈 노트 관리",
    "sub.lnb.category.banned_word":"금칙어 관리",
    "sub.lnb.category.faq":"FAQ 관리",
    "sub.lnb.category.helpcenter-file":"고객센터 파일 관리",
    "sub.lnb.category.terms-policy":"약관 및 정책",
    "sub.lnb.category.configuration":"환경설정",
    "sub.lnb.category.file-extension-maintenance":"파일 형식 관리",
    "sub.lnb.category.system-access-policy":"시스템 접속 정책",
    "sub.lnb.category.network-definition":"네트워크 설정",
    "sub.lnb.category.file-auth-info":"파일 권한 정보",
    "sub.lnb.category.log-event-maintenance":"로그 이벤트 관리",
    "sub.lnb.category.code-maintenance":"코드 관리",
    "sub.lnb.category.interface-maintenance":"기간 시스템 연동 관리",
    "sub.lnb.category.batch-job-maintenance":"배치 JOB 관리",
    "sub.lnb.category.version-maintenance":"버전 관리",
    "sub.lnb.category.myspace":"마이스페이스 드라이브",
    "sub.lnb.category.sharepoint":"SharePoint 편집",
    "sub.lnb.category.mobile-app-external-access":"모바일 앱 사외 접속",
    "sub.lnb.category.post-approvement-file":"원본 첨부 시 후결",
    "sub.lnb.category.exclude-search-file":"공개파일 통합검색",
    "sub.lnb.category.file-viewer":"파일 뷰어",
    "sub.lnb.category.file-temporary-auth":"임시 파일 권한",
    "sub.lnb.category.adm-account":"관리자 계정",
    "sub.lnb.category.adm-role":"관리자 역할",
    "sub.lnb.category.adm-history":"관리자 활동",
    "sub.lnb.category.sys-setting":"시스템 저장"
  },
  "en":{
    "lnb.category.account":"Account",
    "lnb.category.worksapce":"Workspace",
    "lnb.category.monitoring":"Monitoring",
    "lnb.category.business-perations":"Business Operations",
    "lnb.category.tenent-settings":"Tenant Settings",
    "lnb.category.restriction-maintenance":"Restriction Maintenance",
    "lnb.category.admin-console":"Admin Console",
    "lnb.category.system-manage":"System Administration",
    "sub.lnb.category.user": "User account",
    "sub.lnb.category.partner": "Partner account",
    "sub.lnb.category.auditory": "Auditory accounts",
    "sub.lnb.category.member": "Manage member",
    "sub.lnb.category.file-folder": "File-folder management",
    "sub.lnb.category.post": "Manage post",
    "sub.lnb.category.monitoring-user": "User",
    "sub.lnb.category.monitoring-post": "Post",
    "sub.lnb.category.actual-storage-usage": "Actual storage usage",
    "sub.lnb.category.personal-storage-usage-rage": "Personal storage usage rate",
    "sub.lnb.category.batch-job": "Batch job",
    "sub.lnb.category.managed-file": "Managed file",
    "sub.lnb.category.batch-job-histroy": "Batch job history",
    "sub.lnb.category.billing": "Billing",
    "sub.lnb.category.workspace-activity": "Workspace activity",
    "sub.lnb.category.mobile-app-log": "Mobile app log",
    "sub.lnb.category.compliance-violated": "Compliance violated",
    "sub.lnb.category.policy-exception-management": "Physical exception management",
    "sub.lnb.category.pysical-file-deletion-history": "Physical file deletion history",
    "sub.lnb.category.public-link-history": "Public Link history",
    "sub.lnb.category.announcement":"Manage Notice",
    "sub.lnb.category.qna":"Manage Q&A",
    "sub.lnb.category.release-notes":"Manage Release Note",
    "sub.lnb.category.banned_word":"Banned Word",
    "sub.lnb.category.faq":"FAQ Maintenance",
    "sub.lnb.category.helpcenter-file":"Help Center Files",
    "sub.lnb.category.terms-policy":"Terms And Policies",
    "sub.lnb.category.configuration":"Configuration",
    "sub.lnb.category.file-extension-maintenance":"Manage File Format",
    "sub.lnb.category.system-access-policy":"System Access Policy",
    "sub.lnb.category.network-definition":"Network Definition",
    "sub.lnb.category.file-auth-info":"File Permission Information",
    "sub.lnb.category.log-event-maintenance":"Manage Log Event",
    "sub.lnb.category.code-maintenance":"Manage Code",
    "sub.lnb.category.interface-maintenance":"Manage System Interface",
    "sub.lnb.category.batch-job-maintenance":"Manage Batch JOB",
    "sub.lnb.category.version-maintenance":"Version Maintenace",
    "sub.lnb.category.myspace":"Myspace Drive",
    "sub.lnb.category.sharepoint":"SharePoint Edit",
    "sub.lnb.category.mobile-app-external-access":"Mobile App External Access",
    "sub.lnb.category.post-approvement-file":"Post Appr. for File",
    "sub.lnb.category.exclude-search-file":"Exclude Search File",
    "sub.lnb.category.file-viewer":"File Viewer",
    "sub.lnb.category.file-temporary-auth":"File Temporary Authority",
    "sub.lnb.category.adm-account":"Admin Account",
    "sub.lnb.category.adm-role":"Admin Role",
    "sub.lnb.category.adm-history":"Admin Activity",
    "sub.lnb.category.sys-setting":"System Setting"
  },
  "zh":{
    "lnb.category.account":"账户",
    "lnb.category.worksapce":"工作区",
    "lnb.category.monitoring":"监控&分析",
    "lnb.category.business-perations":"商业运作",
    "lnb.category.tenent-settings":"租户设置",
    "lnb.category.restriction-maintenance":"使用限制-例外管理",
    "lnb.category.admin-console":"管理员管控",
    "lnb.category.system-manage":"管理员管控",
    "sub.lnb.category.user": "用户账户",
    "sub.lnb.category.partner": "合作伙伴帐户",
    "sub.lnb.category.auditory": "监查用账号",
    "sub.lnb.category.member": "管理成员",
    "sub.lnb.category.file-folder": "文件-文件夹管理",
    "sub.lnb.category.post": "管理帖子",
    "sub.lnb.category.monitoring-user": "用户账户",
    "sub.lnb.category.monitoring-post": "管理帖子",
    "sub.lnb.category.actual-storage-usage": "实际存储使用率",
    "sub.lnb.category.personal-storage-usage-rage": "个人存储使用率",
    "sub.lnb.category.batch-job": "Batch job",
    "sub.lnb.category.managed-file": "未处理的移交状态",
    "sub.lnb.category.batch-job-histroy": "Batch Job 历史记录",
    "sub.lnb.category.billing": "收款现况",
    "sub.lnb.category.workspace-activity": "工作区应用历史",
    "sub.lnb.category.mobile-app-log": "Mobile app log",
    "sub.lnb.category.compliance-violated": "是否检出关键词",
    "sub.lnb.category.policy-exception-management": "Physical exception management",
    "sub.lnb.category.pysical-file-deletion-history": "物理文件删除历史",
    "sub.lnb.category.public-link-history": "公开链接历史",
    "sub.lnb.category.announcement":"管理公告",
    "sub.lnb.category.qna":"管理 Q&A",
    "sub.lnb.category.release-notes":"管理发行说明",
    "sub.lnb.category.banned_word":"Banned Word",
    "sub.lnb.category.faq":"FAQ管理",
    "sub.lnb.category.helpcenter-file":"客服中心文件管理",
    "sub.lnb.category.terms-policy":"条款与策略",
    "sub.lnb.category.configuration":"环境设置",
    "sub.lnb.category.file-extension-maintenance":"管理文件格式",
    "sub.lnb.category.system-access-policy":"系统访问策略",
    "sub.lnb.category.network-definition":"网络设置",
    "sub.lnb.category.file-auth-info":"File Permission Information",
    "sub.lnb.category.log-event-maintenance":"Manage Log Event",
    "sub.lnb.category.code-maintenance":"管理 Code",
    "sub.lnb.category.interface-maintenance":"管理 Interface",
    "sub.lnb.category.batch-job-maintenance":"管理 Batch Job",
    "sub.lnb.category.version-maintenance":"Version Maintenace",
    "sub.lnb.category.myspace":"我的空间驱动器",
    "sub.lnb.category.sharepoint":"编辑SharePoint",
    "sub.lnb.category.mobile-app-external-access":"在公司外连接移动应用程序",
    "sub.lnb.category.post-approvement-file":"另附原件时补批",
    "sub.lnb.category.exclude-search-file":"公开文件综合搜索",
    "sub.lnb.category.file-viewer":"文件查看器",
    "sub.lnb.category.file-temporary-auth":"File Temporary Authority",
    "sub.lnb.category.adm-account":"管理员账户",
    "sub.lnb.category.adm-role":"管理员角色",
    "sub.lnb.category.adm-history":"管理员活动",
    "sub.lnb.category.sys-setting":"系统设置"
  }
}