{
  "ko":{
    "user.account.add.title":"사용자 계정 추가",
    "user.account.modify.title":"사용자 계정 수정",
    "user.account.save":"저장",
    "user.account.cancel":"취소",
    "user.account.add.subTitle.normalInfo":"일반 정보",
    "user.account.add.userSectCd":"유형",
    "user.account.add.emailAddr":"이메일 주소",
    "user.account.add.emailAddr.check.duplicate":"중복체크",
    "user.account.add.loginId":"Id",
    "user.account.add.name":"이름",
    "user.account.add.engName":"이름(영문)",
    "user.account.add.corp":"직급",
    "user.account.add.engCorp":"직급(영어)",
    "user.account.add.company":"회사",
    "user.account.add.dept":"부서",
    "user.account.add.company.number":"회사번로",
    "user.account.add.mobile.number":"휴대폰",
    "user.account.add.subTitle.state":"상태",
    "user.account.add.state":"상태",
    "user.account.add.product.type":"과금 유형",
    "user.account.add.storage.assign":"스토리지 할당량(GB)",
    "user.account.add.subTitle.autoUpdate":"정보 자동갱신",
    "user.account.add.autoUpdate.target":"유예대상 여부",
    "user.account.add.autoUpdate.maximum.period":"최대 유예기간"
  },
  "en":{
    "user.account.add.title":"Add User Account",
    "user.account.modify.title":"Modify User Account",
    "user.account.save":"Save",
    "user.account.cancel":"Cancel",
    "user.account.add.subTitle.normalInfo":"Normal Info"
  },
  "zh":{
    "user.account.add.title":"Add User Account",
    "user.account.modify.title":"Modify User Account",
    "user.account.save":"保存失败",
    "user.account.cancel":"取消",
    "user.account.add.subTitle.normalInfo":"Normal Info"
  }
}