{
  "ko":{
    "login.authentication.error.70491":"존재하지 않는 ID이거나, 비밀번호가 일치하지 않습니다.",
    "login.authentication.error.70492":"존재하지 않는 ID이거나, 비밀번호가 일치하지 않습니다.",
    "login.authentication.error.70493":"접근이 제한된 사용자 입니다.",
    "login.authentication.error.70494":"비밀번호를 5회 이상 잘못 입력하여, 해당 계정을 잠금합니다. 관리자에게 연락하십시오.",
    "login.authentication.error.70495":"OTP 인증번호가 일치하지 않습니다.",
    "login.authentication.error.unexcepted":"예기치 못한 에러가 발생하였습니다.",
    "login.otp.send.success":"OTP가 메일로 발송되었습니다. OTP를 입력해주세요.",
    "login.otp.expired": "OTP 인증번호가 만료되었습니다. 다시 로그인하십시오."
  },
  "en":{
    "login.authentication.error.70491":"ID is not exist or password is wrong.",
    "login.authentication.error.70492":"ID is not exist or password is wrong.",
    "login.authentication.error.70493":"A blocked user access.",
    "login.authentication.error.70494":"Lock the account with the wrong password is entered more than 5 times . Contact your admin.",
    "login.authentication.error.70495":"One time password does not match.",
    "login.authentication.error.unexcepted":"An unexpected error has occurred.",
    "login.otp.send.success": "One time password has been sent by your email. <BR>Please enter one time password.",
    "login.otp.expired": "OTP is expired. Try again."
  },
  "zh":{
    "login.authentication.error.70491":"未注册ID或密码不匹配。",
    "login.authentication.error.70492":"未注册ID或密码不匹配。",
    "login.authentication.error.70493":"限制用户访问",
    "login.authentication.error.70494":"输入密码错误5次以上，锁定您的账户。请联系管理员。",
    "login.authentication.error.70495":"OTP不正确",
    "login.authentication.error.unexcepted":"An unexpected error has occurred.",
    "login.otp.send.success":"OTP发送到下面的邮箱中。确认后请输入。",
    "login.otp.expired": "OTP认证到期，请重新登录。"
  }
}